INSERT INTO
    会員.会員(会員番号, 氏名, 会員種別)
VALUES
    (1, '山田 太郎', '中学生以上')
  , (2, '佐藤 愛子', '小学生以下')
  , (3, '三宅 祐一', '中学生以上');

INSERT INTO
    資料.図書(資料番号, タイトル, 著者)
VALUES
    (1, '現場で役立つシステム設計の原則', '増田亨')
  , (2, 'ドメイン駆動設計', 'エリック・エヴァンス')
  , (3, 'オブジェクト指向入門 第2版 原則・コンセプト', 'バートランド・メイヤー')
  , (4, 'オブジェクト指向入門 第2版 方法論', 'バートランド・メイヤー')
  , (5, '理論から学ぶデータベース実践入門', '奥野幹也')
  , (6, 'RDRA2.0 ハンドブック: 軽く柔軟で精度の高い要件定義のモデリング手法', '神崎善司')
  , (7, 'フトウェアシステムアーキテクチャ構築の原理 第1版', 'ニック・ロザンスキ')
  , (8, 'ソトウェアシステムアーキテクチャ構築の原理 第2版', 'ニック・ロザンスキ')
  , (9, 'ソフウェアシステムアーキテクチャ構築の原理 第3版', 'ニック・ロザンスキ')
  , (10, 'ソフウェアシステムアーキテクチャ構築の原理 第3版', 'ニック・ロザンスキ')
  , (11, 'ソフトアシステムアーキテクチャ構築の原理 第4版', 'ニック・ロザンスキ')
  , (12, 'ソフトアシステムアーキテクチャ構築の原理 第5版', 'ニック・ロザンスキ')
  , (13, 'ソフトウステムアーキテクチャ構築の原理 第6版', 'ニック・ロザンスキ')
  , (14, 'ソフトウシステムアーキテクチャ構築の原理 第7版', 'ニック・ロザンスキ')
  , (15, 'ソフトウテムアーキテクチャ構築の原理 第8版', 'ニック・ロザンスキ')
  , (16, 'ソフトウシステムアーキテクチャ構築の原理 第9版', 'ニック・ロザンスキ')
  , (17, 'ソフウェアシステムアーキテクチャ構築の原理 第10版', 'ニック・ロザンスキ')
  , (18, 'ソフトウテムアーキテクチャ構築の原理 第11版', 'ニック・ロザンスキ')
  , (19, 'ソフトウシスキテクチャ構築の原理 第12版', 'ニック・ロザンスキ')
  , (20, 'ソフトウェテムアーキテクチャ構築の原理 第13版', 'ニック・ロザンスキ')
  , (21, 'ソフウェステムアーキテクチャ構築の原理 第14版', 'ニック・ロザンスキ')
  , (22, 'フトウェアシステムアーキテクチャ構築の原理 第15版', 'ニック・ロザンスキ')
  , (23, 'フトウェアシステムアーキテクチャ構築の原理 第16版', 'ニック・ロザンスキ')
  , (24, 'ソトェアシステムアーキテクチャ構築の原理 第17版', 'ニック・ロザンスキ')
  , (25, 'ソフテクチャ構築の原理 第18版', 'ニック・ロザンスキ')
  , (26, 'ソフシステムアーキテクチャ構築の原理 第19版', 'ニック・ロザンスキ')
  , (27, 'ソフアシステムアーキテクチャ構築の原理 第20版', 'ニック・ロザンスキ')
  , (28, 'ソフトェアシステムアーキテクチャ構築の原理 第21版', 'ニック・ロザンスキ')
  , (29, 'ソフトウステムアーキテクチャ構築の原理 第21版', 'ニック・ロザンスキ')
  , (30, 'ソフトウェアーキテクチャ構築の原理 第22版', 'ニック・ロザンスキ')
  , (31, 'ソフトウェアーキテクチャ構築の原理 第23版', 'ニック・ロザンスキ')
  , (32, 'ソフトウェアシクチャ構築の原理 第24版', 'ニック・ロザンスキ')
  , (33, 'ソフトウェアシス構築の原理 第25版', 'ニック・ロザンスキ')
  , (34, 'ソフトウェアシステ理 第26版', 'ニック・ロザンスキ')
  , (35, 'ソフトウェアシステ原理 第27版', 'ニック・ロザンスキ')
  , (36, 'ウェアシステムアーキテクチャ構築の原理 第28版', 'ニック・ロザンスキ')
  , (37, 'ソェアシステムアーキテクチャ構築の原理 第29版', 'ニック・ロザンスキ')
  , (38, 'ソトアシステムアーキテクチャ構築の原理 第30版', 'ニック・ロザンスキ')
  , (39, 'ソフシステムアーキテクチャ構築の原理 第31版', 'ニック・ロザンスキ')
  , (40, 'ソフトステムアーキテクチャ構築の原理 第32版', 'ニック・ロザンスキ')
  , (41, 'ソフトウムアーキテクチャ構築の原理 第33版', 'ニック・ロザンスキ')
  , (42, 'ソフトウェキテクチャ構築の原理 第34版', 'ニック・ロザンスキ')
  , (43, 'ソフトウェアャ構築の原理 第35版', 'ニック・ロザンスキ')
  , (44, 'ソフトウェアステ 第36版', 'ニック・ロザンスキ')
  , (45, 'ソフトウェチャ構築の原理 第37版', 'ニック・ロザンスキ')
  , (46, 'ソフトウェテクチャ構築の原理 第38版', 'ニック・ロザンスキ')
  , (47, 'ソフトウェアシャ構築の原理 第39版', 'ニック・ロザンスキ');


-- イベント履歴テーブルと状態テーブル

-- 蔵書の登録イベント
INSERT INTO
    蔵書.蔵書(蔵書番号, 資料番号)
VALUES
    ('1-A', 1)
  , ('1-B', 1)
  , ('1-C', 1)
  , ('2-A', 2)
  , ('2-B', 2)
  , ('2-C', 2)
  , ('2-D', 2)
  , ('2-E', 2)
  , ('2-F', 2)
  , ('2-G', 2)
  , ('2-H', 2)
  , ('3-A', 3)
  , ('4-A', 4)
  , ('5-A', 5)
  , ('6-A', 6)
  , ('7-A', 7)
  , ('8-A', 8)
  , ('9-A', 9)
  , ('10-A', 10)
  , ('11-A', 11)
  , ('12-A', 12)
  , ('13-A', 13)
  , ('14-A', 14)
  , ('15-A', 15)
  , ('16-A', 16)
  , ('17-A', 17)
  , ('18-A', 18)
  , ('19-A', 19)
  , ('20-A', 20)
  , ('21-A', 21)
  , ('22-A', 22)
  , ('23-A', 23)
  , ('24-A', 24)
  , ('25-A', 25)
  , ('26-A', 26)
  , ('27-A', 27)
  , ('28-A', 28)
  , ('29-A', 29)
  , ('30-A', 30)
  , ('31-A', 31)
  , ('32-A', 32)
  , ('33-A', 33)
  , ('34-A', 34)
  , ('35-A', 35)
  , ('36-A', 36)
  , ('37-A', 37)
  , ('38-A', 38)
  , ('39-A', 39)
  , ('40-A', 40)
  , ('41-A', 41)
  , ('42-A', 42)
  , ('43-A', 43)
  , ('44-A', 44)
  , ('45-A', 45)
  , ('46-A', 46)
  , ('47-A', 47);

-- いったん、すべての蔵書を貸出可能に追加（初期状態）
INSERT INTO
    蔵書.貸出可能(蔵書番号)
VALUES
    ('1-A')
  , ('1-B')
  , ('1-C')
  , ('2-A')
  , ('2-B')
  , ('2-C')
  , ('2-D')
  , ('2-E')
  , ('2-F')
  , ('2-G')
  , ('2-H')
  , ('3-A')
  , ('4-A')
  , ('5-A')
  , ('6-A')
  , ('7-A')
  , ('8-A')
  , ('9-A')
  , ('10-A')
  , ('11-A')
  , ('12-A')
  , ('13-A')
  , ('14-A')
  , ('15-A')
  , ('16-A')
  , ('17-A')
  , ('18-A')
  , ('19-A')
  , ('20-A')
  , ('21-A')
  , ('22-A')
  , ('23-A')
  , ('24-A')
  , ('25-A')
  , ('26-A')
  , ('27-A')
  , ('28-A')
  , ('29-A')
  , ('30-A')
  , ('31-A')
  , ('32-A')
  , ('33-A')
  , ('34-A')
  , ('35-A')
  , ('36-A')
  , ('37-A')
  , ('38-A')
  , ('39-A')
  , ('40-A')
  , ('41-A')
  , ('42-A')
  , ('43-A')
  , ('44-A')
  , ('45-A')
  , ('46-A')
  , ('47-A')
;

-- Webで予約した
INSERT INTO
    予約.予約履歴(予約番号, 会員番号, 資料番号)
VALUES
    ((SELECT NEXTVAL('予約.予約番号')), 1, 4);